Statistic,stat,shots,goals,xG
Normal,Normal,102,12,12.395105876028538
Standard,Standard,58,3,8.896112679503858
Slow,Slow,25,3,4.053038712590933
Fast,Fast,10,3,2.649672105908394
