Statistic,stat,shots,goals,xG
Normal,Normal,201,27,25.061673254705966
Standard,Standard,92,7,12.100833021104336
Slow,Slow,38,4,5.184753114357591
Fast,Fast,21,6,5.743152465671301
