Statistic,stat,shots,goals,xG
Normal,Normal,108,13,13.435639541596174
Standard,Standard,61,3,9.002510574646294
Slow,Slow,27,3,4.178604461252689
Fast,Fast,15,4,4.291536312550306
