Statistic,stat,shots,goals,xG
Normal,Normal,208,28,26.539295845665038
Standard,Standard,93,8,12.491685532033443
Slow,Slow,39,4,5.582010233774781
Fast,Fast,21,6,5.743152465671301
