Statistic,shots,goals,xG
BlockedShot,113,0,7.777083722874522
MissedShots,115,0,13.675178329460323
Goal,46,46,18.038571678102016
SavedShot,80,0,9.30975265800953
ShotOnPost,7,0,1.5555576886981726
