Statistic,shots,goals,xG
BlockedShot,69,0,4.460658137686551
SavedShot,46,0,6.424980204552412
MissedShots,69,0,8.822429494932294
Goal,23,23,9.791311325505376
ShotOnPost,4,0,1.4089117273688316
