Statistic,shots,goals,xG
SavedShot,42,0,6.142668604850769
BlockedShot,65,0,3.6263865185901523
MissedShots,63,0,8.15381628088653
Goal,21,21,8.662146242335439
ShotOnPost,4,0,1.4089117273688316
