Statistic,shots,goals,xG
OpenPlay,150,20,21.90578031539917
FromCorner,45,1,6.152300914749503
SetPiece,10,1,1.8435801630839705
Penalty,1,1,0.7611688375473022
DirectFreekick,5,0,0.2454606592655182
