Statistic,shots,goals,xG
OpenPlay,137,18,19.097816694527864
FromCorner,42,1,6.045903019607067
SetPiece,10,1,1.8435801630839705
DirectFreekick,5,0,0.2454606592655182
Penalty,1,1,0.7611688375473022
