Statistic,shots,goals,xG
OpenPlay,260,37,35.98957883473486
FromCorner,61,4,7.563905334100127
SetPiece,19,2,3.092223947867751
DirectFreekick,11,0,0.6835349015891552
Penalty,1,1,0.7611688375473022
