Statistic,stat,shots,goals,xG
1-15,1-15,35,4,3.932248272933066
16-30,16-30,42,6,5.447245266288519
31-45,31-45,32,2,4.565049370750785
46-60,46-60,35,4,6.1377543387934566
61-75,61-75,32,3,5.511994447559118
76+,76+,35,4,5.3139991937205195
