Statistic,stat,shots,goals,xG
1-15,1-15,30,3,3.3307551881298423
16-30,16-30,40,6,5.319023426622152
31-45,31-45,31,2,4.163352658972144
46-60,46-60,32,4,5.338954663835466
61-75,61-75,29,2,4.6825874373316765
76+,76+,33,4,5.159255999140441
