Statistic,stat,shots,goals,xG
1-15,1-15,58,4,5.3519231509417295
16-30,16-30,71,11,8.234159054234624
31-45,31-45,57,6,6.818826169706881
46-60,46-60,62,12,12.094397730194032
61-75,61-75,51,5,8.223630892112851
76+,76+,62,8,9.633207079954445
