Statistic,stat,shots,goals,xG
Normal,Normal,106,11,13.031683627516031
Standard,Standard,41,4,4.153836063109338
Fast,Fast,13,2,2.232452191412449
Slow,Slow,20,2,3.0013429587706923
