Statistic,stat,shots,goals,xG
Normal,Normal,203,20,25.54322271887213
Standard,Standard,72,9,7.991526364348829
Slow,Slow,33,5,5.302699354477227
Fast,Fast,25,5,5.295815944671631
