Statistic,stat,shots,goals,xG
Normal,Normal,214,22,27.723722690716386
Standard,Standard,75,9,8.23025184031576
Slow,Slow,38,5,5.528699525631964
Fast,Fast,27,5,5.48984494805336
