Statistic,stat,time,shots,goals,xG
4-2-3-1,4-2-3-1,877,163,22,25.84332921821624
4-1-4-1,4-1-4-1,763,121,9,12.380795519798994
5-4-1,5-4-1,128,34,3,3.070846213027835
3-4-2-1,3-4-2-1,76,12,1,1.2312173759564757
3-4-3,3-4-3,56,6,3,1.1461625322699547
4-4-1-1,4-4-1-1,45,9,2,1.1993924491107464
4-3-3,4-3-3,38,6,0,1.2511068508028984
4-1-3-2,4-1-3-2,32,2,1,0.7326036691665649
3-5-2,3-5-2,9,1,0,0.1170651763677597
