Statistic,shots,goals,xG
Goal,19,19,5.7581639820709825
ShotOnPost,6,0,1.053310215473175
MissedShots,70,0,7.996749181300402
BlockedShot,53,0,3.3659811848774552
SavedShot,32,0,4.245110277086496
