Statistic,shots,goals,xG
Goal,41,41,14.11174575984478
MissedShots,126,0,13.787640668451786
BlockedShot,103,0,6.589334541000426
ShotOnPost,9,0,2.1591828018426895
SavedShot,75,0,10.324615233577788
