Statistic,shots,goals,xG
OpenPlay,279,32,38.74226716440171
FromCorner,48,5,4.560723943635821
SetPiece,16,1,1.42909746337682
DirectFreekick,9,1,0.7180927582085133
Penalty,2,2,1.5223376750946045
