Statistic,shots,goals,xG
OpenPlay,139,15,18.265478777699172
FromCorner,25,3,2.626073310151696
SetPiece,10,1,1.0977940680459142
DirectFreekick,6,0,0.4299686849117279
Penalty,0,0,0.0
