Statistic,stat,shots,goals,xG
1-15,1-15,34,5,4.9210989233106375
16-30,16-30,31,4,3.934516887180507
31-45,31-45,31,1,3.2286346973851323
46-60,46-60,23,4,2.6616187188774347
61-75,61-75,30,1,3.988822655752301
76+,76+,31,4,3.684622958302498
