Statistic,stat,shots,goals,xG
1-15,1-15,54,8,9.025383913889527
16-30,16-30,57,6,6.265326339751482
31-45,31-45,58,6,9.161195822060108
46-60,46-60,61,11,7.408566334284842
61-75,61-75,50,2,6.588063107803464
76+,76+,74,8,8.523983486928046
