Statistic,stat,shots,goals,xG
Normal,Normal,168,11,19.593898629769683
Standard,Standard,60,4,4.8200283935293555
Slow,Slow,28,3,3.668034840375185
Fast,Fast,16,4,3.6765831783413887
