Statistic,stat,shots,goals,xG
Normal,Normal,99,4,12.340395282953978
Standard,Standard,37,2,3.0428204936906695
Fast,Fast,10,4,2.42941277846694
Slow,Slow,14,1,1.6133105177432299
