Statistic,stat,shots,goals,xG
Normal,Normal,160,11,18.86497895978391
Standard,Standard,58,4,4.503234754316509
Slow,Slow,28,3,3.668034840375185
Fast,Fast,13,4,3.247965607792139
