Statistic,stat,time,shots,goals,xG
4-3-3,4-3-3,1008,149,10,17.872259587980807
4-2-3-1,4-2-3-1,49,9,1,1.4432081393897533
3-4-3,3-4-3,9,2,0,0.11047134548425674
