Statistic,stat,time,shots,goals,xG
Goal diff 0,Goal diff 0,552,68,8,7.40396851208061
Goal diff -1,Goal diff -1,313,51,2,6.450358674861491
Goal diff +1,Goal diff +1,164,32,1,4.753595296293497
Goal diff < -1,Goal diff < -1,26,7,0,0.7997110728174448
Goal diff > +1,Goal diff > +1,11,2,0,0.018305516801774502
