Statistic,stat,time,shots,goals,xG
Goal diff 0,Goal diff 0,836,96,14,10.68613563105464
Goal diff +1,Goal diff +1,408,64,4,8.558802478015423
Goal diff -1,Goal diff -1,401,62,4,7.671792011708021
Goal diff > +1,Goal diff > +1,213,21,0,1.7771822968497872
Goal diff < -1,Goal diff < -1,70,16,0,1.5903017446398735
