Statistic,shots,goals,xG
BlockedShot,49,0,3.979856296442449
MissedShots,54,0,5.694343057461083
SavedShot,42,0,4.149525395594537
Goal,11,11,5.307577088475227
ShotOnPost,4,0,0.29463723488152027
