Statistic,shots,goals,xG
BlockedShot,85,0,7.175254628993571
Goal,22,22,7.727996248751879
SavedShot,60,0,5.973165530711412
ShotOnPost,8,0,0.5769862476736307
MissedShots,84,0,8.830811506137252
