Statistic,shots,goals,xG
OpenPlay,212,18,26.938516648486257
FromCorner,39,1,2.353603534400463
SetPiece,15,3,2.1431363886222243
DirectFreekick,6,0,0.3232884705066681
Penalty,0,0,0.0
