Statistic,shots,goals,xG
OpenPlay,123,9,16.383118579164147
FromCorner,25,0,1.4703222904354334
SetPiece,8,2,1.359244336374104
DirectFreekick,4,0,0.21325386688113213
Penalty,0,0,0.0
