Statistic,stat,shots,goals,xG
1-15,1-15,17,1,1.065412487834692
16-30,16-30,26,3,3.185005228035152
31-45,31-45,24,4,3.691428752616048
46-60,46-60,34,2,5.312817199155688
61-75,61-75,24,0,2.7952841874212027
76+,76+,35,1,3.375991217792034
