Statistic,stat,shots,goals,xG
1-15,1-15,30,4,2.250793432816863
16-30,16-30,39,4,4.111515177413821
31-45,31-45,31,4,4.8111630119383335
46-60,46-60,61,5,7.679478493519127
61-75,61-75,52,1,6.200192907825112
76+,76+,59,4,6.705402018502355
