Statistic,stat,shots,goals,xG
Normal,Normal,116,17,22.142096726223826
Standard,Standard,40,4,4.359754309989512
Slow,Slow,16,1,0.8797471504658461
Fast,Fast,12,1,3.698764005675912
