Statistic,stat,shots,goals,xG
Normal,Normal,190,23,32.00024042185396
Standard,Standard,70,7,9.751943813636899
Slow,Slow,29,2,2.3337172949686646
Fast,Fast,21,3,5.328068183735013
