Statistic,stat,shots,goals,xG
Normal,Normal,106,16,20.93944912776351
Standard,Standard,39,4,4.2932789558544755
Slow,Slow,16,1,0.8797471504658461
Fast,Fast,12,1,3.698764005675912
