Statistic,stat,time,shots,goals,xG
4-2-3-1,4-2-3-1,1613,263,27,40.85423705354333
5-4-1,5-4-1,285,42,7,7.897487573325634
4-4-2,4-4-2,20,5,1,0.662245087325573
