Statistic,stat,time,shots,goals,xG
Goal diff 0,Goal diff 0,869,132,15,20.473396352492273
Goal diff -1,Goal diff -1,418,55,5,9.935981759801507
Goal diff +1,Goal diff +1,311,68,9,10.559086822904646
Goal diff < -1,Goal diff < -1,248,42,4,7.399066776037216
Goal diff > +1,Goal diff > +1,72,13,2,1.0464380029588938
