Statistic,shots,goals,xG
Goal,22,22,9.441152760758996
MissedShots,52,0,6.455249945633113
BlockedShot,50,0,4.9149963185191154
SavedShot,44,0,7.378056081011891
ShotOnPost,5,0,1.621784133836627
