Statistic,shots,goals,xG
MissedShots,98,0,11.706151376478374
Goal,35,35,15.729687681421638
BlockedShot,94,0,7.737836392596364
SavedShot,75,0,12.439788765273988
ShotOnPost,8,0,1.8005054984241724
