Statistic,shots,goals,xG
OpenPlay,134,18,25.517960283905268
FromCorner,27,2,1.9451996199786663
SetPiece,3,0,0.18343226704746485
DirectFreekick,7,0,0.6423093937337399
Penalty,2,2,1.5223376750946045
