Statistic,shots,goals,xG
OpenPlay,144,19,26.720607882365584
FromCorner,27,2,1.9451996199786663
SetPiece,3,0,0.18343226704746485
DirectFreekick,8,0,0.7087847478687763
Penalty,2,2,1.5223376750946045
