Statistic,stat,shots,goals,xG
1-15,1-15,29,7,5.867907487787306
16-30,16-30,11,1,1.9353403933346272
31-45,31-45,29,6,6.522164527326822
46-60,46-60,35,3,6.133457209914923
61-75,61-75,25,3,4.604725330136716
76+,76+,55,3,6.0167672438547015
