Statistic,stat,shots,goals,xG
1-15,1-15,42,8,7.961483021266758
16-30,16-30,32,2,5.123212088830769
31-45,31-45,54,7,8.380298555828631
46-60,46-60,59,7,10.480017114430666
61-75,61-75,43,5,7.6676985854282975
76+,76+,80,6,9.801260348409414
