Statistic,stat,shots,goals,xG
Normal,Normal,57,4,5.624891573563218
Standard,Standard,34,1,4.0274793822318316
Slow,Slow,13,1,0.5492709688842297
Fast,Fast,5,0,0.6429934892803431
