Statistic,stat,shots,goals,xG
Normal,Normal,59,5,6.098013833165169
Standard,Standard,38,2,5.5008681658655405
Slow,Slow,14,1,0.5781693011522293
Fast,Fast,5,0,0.6429934892803431
