Statistic,stat,shots,goals,xG
Normal,Normal,111,14,11.725237826816738
Standard,Standard,51,3,6.234988370910287
Slow,Slow,18,1,0.7150643598288298
Fast,Fast,12,2,1.881171385757625
