Statistic,stat,shots,goals,xG
Normal,Normal,108,14,11.598538891412318
Standard,Standard,50,3,6.17466383613646
Slow,Slow,18,1,0.7150643598288298
Fast,Fast,10,1,1.538994850590825
