Statistic,stat,time,shots,goals,xG
4-2-3-1,4-2-3-1,1035,108,6,10.753866547718644
3-3-3-1,3-3-3-1,17,1,0,0.09076886624097824
