Statistic,stat,time,shots,goals,xG
4-2-3-1,4-2-3-1,1133,115,8,12.729275923222303
3-3-3-1,3-3-3-1,17,1,0,0.09076886624097824
