Statistic,stat,time,shots,goals,xG
4-2-3-1,4-2-3-1,1798,179,18,19.179496029391885
4-3-3,4-3-3,84,11,2,1.2205695025622845
3-3-3-1,3-3-3-1,17,1,0,0.09076886624097824
3-4-1-2,3-4-1-2,15,1,0,0.06562754511833191
