Statistic,stat,time,shots,goals,xG
Goal diff 0,Goal diff 0,838,67,12,7.362927553243935
Goal diff +1,Goal diff +1,512,58,5,6.822534349747002
Goal diff -1,Goal diff -1,290,25,0,1.7766324887052178
Goal diff > +1,Goal diff > +1,274,42,3,4.594367551617324
