Statistic,stat,time,shots,goals,xG
Goal diff 0,Goal diff 0,806,66,11,7.031285491771996
Goal diff +1,Goal diff +1,512,58,5,6.822534349747002
Goal diff > +1,Goal diff > +1,274,42,3,4.594367551617324
Goal diff -1,Goal diff -1,225,20,0,1.5790745448321104
