Statistic,shots,goals,xG
BlockedShot,50,0,3.06821452639997
SavedShot,45,0,5.67946473043412
MissedShots,73,0,5.679625595919788
Goal,20,20,5.860360868275166
ShotOnPost,4,0,0.2687962222844362
