Statistic,shots,goals,xG
BlockedShot,24,0,1.9206550670787692
MissedShots,49,0,3.6475374549627304
SavedShot,33,0,4.373008911497891
Goal,8,8,2.6647986583411694
ShotOnPost,2,0,0.2140446975827217
