Statistic,shots,goals,xG
BlockedShot,48,0,3.0137985358014703
SavedShot,43,0,5.555127928964794
MissedShots,72,0,5.660820444114506
Goal,19,19,5.5287188068032265
ShotOnPost,4,0,0.2687962222844362
