Statistic,shots,goals,xG
OpenPlay,78,6,7.319176623597741
FromCorner,20,0,2.444356949068606
SetPiece,13,2,1.998102498240769
Penalty,1,0,0.7611688375473022
DirectFreekick,4,0,0.29723988100886345
