Statistic,shots,goals,xG
OpenPlay,136,16,13.852598101831973
FromCorner,28,0,2.7702519511803985
SetPiece,15,3,2.2162925405427814
Penalty,1,0,0.7611688375473022
DirectFreekick,6,0,0.42695050686597824
