Statistic,shots,goals,xG
OpenPlay,75,5,6.817156031727791
FromCorner,19,0,2.3748805979266763
SetPiece,11,1,1.3553589032962918
Penalty,0,0,0.0
DirectFreekick,4,0,0.29723988100886345
