Statistic,stat,shots,goals,xG
1-15,1-15,22,5,1.5970315914601088
16-30,16-30,21,0,2.1617529867216945
31-45,31-45,43,4,5.0026200553402305
46-60,46-60,25,4,2.7344878390431404
61-75,61-75,32,4,3.475040682591498
76+,76+,49,3,5.585528788156807
