Statistic,stat,shots,goals,xG
1-15,1-15,10,2,0.7085365541279316
16-30,16-30,12,0,1.5714324479922652
31-45,31-45,25,1,2.683358826674521
46-60,46-60,12,2,1.5232498040422797
61-75,61-75,21,1,1.8492305343970656
76+,76+,29,0,2.5088272467255592
