Statistic,stat,shots,goals,xG
1-15,1-15,11,2,0.7322708163410425
16-30,16-30,12,0,1.5714324479922652
31-45,31-45,28,2,4.086229943670332
46-60,46-60,14,3,2.001536133699119
61-75,61-75,21,1,1.8492305343970656
76+,76+,30,0,2.5793449133634567
