Statistic,stat,shots,goals,xG
Normal,Normal,143,19,20.744343562051654
Standard,Standard,42,5,7.324200904928148
Slow,Slow,15,3,3.7108520548790693
Fast,Fast,13,2,4.395049825310707
