Statistic,stat,shots,goals,xG
Normal,Normal,130,17,19.277180046774447
Standard,Standard,40,5,7.19471416529268
Slow,Slow,14,3,3.6706153582781553
Fast,Fast,11,2,3.6375636905431747
