Statistic,stat,shots,goals,xG
Normal,Normal,67,11,12.633911428973079
Standard,Standard,17,2,3.013996590860188
Slow,Slow,5,2,1.6181537602096796
Fast,Fast,7,2,2.659355401992798
