Statistic,stat,shots,goals,xG
Normal,Normal,62,9,10.912228362634778
Standard,Standard,17,2,3.013996590860188
Slow,Slow,3,1,1.143525468185544
Fast,Fast,5,1,1.551178753376007
