Statistic,stat,time,shots,goals,xG
4-1-4-1,4-1-4-1,813,80,10,15.226811666041613
4-2-3-1,4-2-3-1,628,80,9,11.124185173772275
3-2-4-1,3-2-4-1,290,23,2,4.047553705982864
4-3-3,4-3-3,180,12,6,3.3815227150917053
