Statistic,stat,time,shots,goals,xG
4-1-4-1,4-1-4-1,414,32,5,7.69672716781497
3-2-4-1,3-2-4-1,290,23,2,4.047553705982864
4-2-3-1,4-2-3-1,252,27,3,3.346852211281657
4-3-3,4-3-3,103,5,3,1.529796089977026
