Statistic,stat,time,shots,goals,xG
Goal diff 0,Goal diff 0,623,60,13,11.6040453389287
Goal diff +1,Goal diff +1,603,63,6,11.130906852893531
Goal diff -1,Goal diff -1,342,32,4,6.085197186097503
Goal diff > +1,Goal diff > +1,213,26,2,1.954856471158564
Goal diff < -1,Goal diff < -1,130,14,2,3.0050674118101597
