Statistic,stat,time,shots,goals,xG
Goal diff 0,Goal diff 0,694,73,13,12.602448844350874
Goal diff +1,Goal diff +1,626,66,7,11.91441726591438
Goal diff -1,Goal diff -1,342,32,4,6.085197186097503
Goal diff > +1,Goal diff > +1,214,28,3,2.5673156389966607
Goal diff < -1,Goal diff < -1,130,14,2,3.0050674118101597
