Statistic,shots,goals,xG
BlockedShot,52,0,5.169119028374553
Goal,29,29,14.356503624469042
SavedShot,52,0,6.346727495081723
MissedShots,72,0,8.87668278068304
ShotOnPost,8,0,1.4254134185612202
