Statistic,shots,goals,xG
BlockedShot,21,0,1.7425487283617258
Goal,13,13,6.521217059344053
SavedShot,24,0,4.237893162295222
MissedShots,26,0,3.6901622833684087
ShotOnPost,3,0,0.4291079416871071
