Statistic,shots,goals,xG
SavedShot,49,0,6.230993080884218
BlockedShot,48,0,4.302299430593848
Goal,27,27,13.735920052975416
MissedShots,63,0,8.085447277873755
ShotOnPost,8,0,1.4254134185612202
