Statistic,shots,goals,xG
OpenPlay,155,22,26.585359095595777
FromCorner,26,2,3.8854736434295774
DirectFreekick,2,0,0.0942423902451992
SetPiece,9,0,0.931491618975997
Penalty,3,3,2.2835065126419067
