Statistic,shots,goals,xG
OpenPlay,70,11,13.60693258419633
FromCorner,9,1,1.9570664642378688
SetPiece,6,0,0.24985009990632534
DirectFreekick,1,0,0.045911189168691635
Penalty,1,1,0.7611688375473022
