Statistic,stat,shots,goals,xG
1-15,1-15,17,5,3.8385016713291407
16-30,16-30,12,4,3.6939416397362947
31-45,31-45,17,1,3.1247066371142864
46-60,46-60,18,2,2.9795140186324716
61-75,61-75,14,1,2.926621537655592
76+,76+,18,4,3.362131677567959
