Statistic,stat,shots,goals,xG
1-15,1-15,34,8,6.722989210858941
16-30,16-30,27,4,5.343418575823307
31-45,31-45,33,2,4.188760595396161
46-60,46-60,34,3,5.440482031553984
61-75,61-75,28,3,5.782349767163396
76+,76+,39,7,6.3020730800926685
