Statistic,stat,shots,goals,xG
1-15,1-15,36,8,6.832878651097417
16-30,16-30,29,4,5.46446493268013
31-45,31-45,33,2,4.188760595396161
46-60,46-60,37,3,5.589305066503584
61-75,61-75,34,3,6.738601418212056
76+,76+,44,9,7.36043568328023
