Statistic,stat,shots,goals,xG
Normal,Normal,101,12,13.077942752279341
Standard,Standard,38,3,4.682588235475123
Fast,Fast,6,0,0.4217203948646784
Slow,Slow,6,2,0.7854375718161464
