Statistic,stat,shots,goals,xG
Normal,Normal,184,16,19.542143510188907
Standard,Standard,77,6,8.999468923546374
Slow,Slow,10,2,0.9785475013777614
Fast,Fast,15,1,1.6129705850034952
