Statistic,stat,shots,goals,xG
Normal,Normal,96,10,11.854291944764555
Standard,Standard,37,3,4.665939333848655
Fast,Fast,6,0,0.4217203948646784
Slow,Slow,6,2,0.7854375718161464
