Statistic,stat,shots,goals,xG
Normal,Normal,169,16,18.54729023715481
Standard,Standard,69,5,7.690742328763008
Slow,Slow,9,2,0.9230769788846374
Fast,Fast,13,0,1.1561604384332895
