Statistic,stat,time,shots,goals,xG
Goal diff 0,Goal diff 0,954,124,12,13.450348130427301
Goal diff -1,Goal diff -1,359,41,3,4.243106782436371
Goal diff +1,Goal diff +1,295,50,4,5.923001179471612
Goal diff > +1,Goal diff > +1,175,28,3,2.800140022765845
Goal diff < -1,Goal diff < -1,138,17,1,1.9006738681346178
