Statistic,stat,time,shots,goals,xG
Goal diff 0,Goal diff 0,987,132,13,14.184572170488536
Goal diff -1,Goal diff -1,395,52,3,6.005196515470743
Goal diff +1,Goal diff +1,325,57,5,6.242547943256795
Goal diff > +1,Goal diff > +1,175,28,3,2.800140022765845
Goal diff < -1,Goal diff < -1,138,17,1,1.9006738681346178
