Statistic,shots,goals,xG
SavedShot,45,0,4.730217139236629
BlockedShot,36,0,2.696948762051761
MissedShots,46,0,3.4551450992003083
ShotOnPost,3,0,1.3297832608222961
Goal,15,15,5.51529498398304
