Statistic,shots,goals,xG
MissedShots,98,0,7.660034278873354
BlockedShot,77,0,5.5057565569877625
SavedShot,81,0,7.653002587147057
Goal,25,25,8.759887777268887
ShotOnPost,5,0,1.5544493198394775
