Statistic,shots,goals,xG
MissedShots,47,0,3.506495670415461
BlockedShot,37,0,2.8494084430858493
SavedShot,47,0,4.762540738098323
Goal,17,17,6.519460842013359
ShotOnPost,3,0,1.3297832608222961
