Statistic,shots,goals,xG
OpenPlay,113,14,14.285100718960166
FromCorner,27,1,3.1577648343518376
SetPiece,11,2,1.5248234011232853
DirectFreekick,0,0,0.0
Penalty,0,0,0.0
