Statistic,shots,goals,xG
OpenPlay,191,18,20.62652765447274
FromCorner,50,2,5.018906455487013
SetPiece,16,2,1.7937053591012955
Penalty,1,1,0.7611688375473022
DirectFreekick,2,0,0.11696167662739754
