Statistic,shots,goals,xG
OpenPlay,108,12,13.06144991144538
FromCorner,27,1,3.1577648343518376
SetPiece,10,2,1.5081744994968176
DirectFreekick,0,0,0.0
Penalty,0,0,0.0
