Statistic,stat,shots,goals,xG
1-15,1-15,23,1,1.7496724929660559
16-30,16-30,22,4,3.505634886212647
31-45,31-45,17,1,1.2768864762037992
46-60,46-60,26,5,3.672329762019217
61-75,61-75,26,2,3.603905030526221
76+,76+,31,2,3.9189605973660946
