Statistic,stat,shots,goals,xG
1-15,1-15,47,4,4.7089447705075145
16-30,16-30,43,5,4.70715962164104
31-45,31-45,43,2,4.153531039133668
46-60,46-60,45,6,5.332910092081875
61-75,61-75,49,4,5.717338073067367
76+,76+,59,4,6.513246923685074
