Statistic,stat,shots,goals,xG
1-15,1-15,25,2,2.384551592171192
16-30,16-30,22,4,3.505634886212647
31-45,31-45,18,1,1.293535377830267
46-60,46-60,28,6,4.209750899113715
61-75,61-75,26,2,3.603905030526221
76+,76+,32,2,3.9703111685812473
