Statistic,stat,shots,goals,xG
Normal,Normal,142,21,18.157883849926293
Standard,Standard,52,6,6.13872455060482
Slow,Slow,23,0,2.0611662017181516
Fast,Fast,18,5,3.9868006417527795
