Statistic,stat,shots,goals,xG
Normal,Normal,68,10,9.234865218400955
Standard,Standard,36,4,4.248881537467241
Slow,Slow,12,0,0.9181056516245008
Fast,Fast,8,3,2.555593498982489
