Statistic,stat,shots,goals,xG
Normal,Normal,75,10,9.851310363039374
Standard,Standard,38,4,4.34329916536808
Slow,Slow,12,0,0.9181056516245008
Fast,Fast,12,5,3.4610030269250274
