Statistic,stat,shots,goals,xG
Normal,Normal,147,21,18.68529083300382
Standard,Standard,56,6,6.75526731275022
Slow,Slow,24,0,2.1484779538586736
Fast,Fast,18,5,3.9868006417527795
