Statistic,stat,time,shots,goals,xG
4-2-3-1,4-2-3-1,687,81,9,12.313872943632305
4-4-2,4-4-2,287,32,7,4.314921469427645
4-4-1-1,4-4-1-1,97,11,1,0.3286514934152365
