Statistic,stat,time,shots,goals,xG
4-2-3-1,4-2-3-1,783,94,11,13.930145244114101
4-4-2,4-4-2,287,32,7,4.314921469427645
4-4-1-1,4-4-1-1,97,11,1,0.3286514934152365
