Statistic,stat,time,shots,goals,xG
4-2-3-1,4-2-3-1,1462,170,21,22.238349897786975
4-4-2,4-4-2,373,54,10,7.777573852799833
4-4-1-1,4-4-1-1,97,11,1,0.3286514934152365
