Statistic,stat,time,shots,goals,xG
Goal diff 0,Goal diff 0,656,72,9,7.780737438239157
Goal diff -1,Goal diff -1,224,27,4,4.10286445915699
Goal diff +1,Goal diff +1,214,29,4,4.876522113569081
Goal diff < -1,Goal diff < -1,44,5,1,0.6721151489764452
Goal diff > +1,Goal diff > +1,29,4,1,1.1414790470153093
