Statistic,stat,time,shots,goals,xG
Goal diff 0,Goal diff 0,985,103,13,10.948593968525529
Goal diff +1,Goal diff +1,460,53,7,8.27919974271208
Goal diff -1,Goal diff -1,333,49,6,6.764595279470086
Goal diff < -1,Goal diff < -1,132,23,3,2.867941163480282
Goal diff > +1,Goal diff > +1,117,17,3,2.715506587177515
