Statistic,stat,time,shots,goals,xG
Goal diff 0,Goal diff 0,619,64,7,6.454667926765978
Goal diff +1,Goal diff +1,214,29,4,4.876522113569081
Goal diff -1,Goal diff -1,165,22,4,3.8126616701483727
Goal diff < -1,Goal diff < -1,44,5,1,0.6721151489764452
Goal diff > +1,Goal diff > +1,29,4,1,1.1414790470153093
