Statistic,shots,goals,xG
SavedShot,53,0,6.36145073082298
MissedShots,95,0,10.409761035814881
Goal,32,32,10.06675623729825
BlockedShot,62,0,4.072462927550077
ShotOnPost,3,0,0.665405809879303
