Statistic,shots,goals,xG
MissedShots,50,0,6.952056116424501
BlockedShot,29,0,1.341805536299944
Goal,17,17,5.481443423777819
SavedShot,26,0,3.0338605670258403
ShotOnPost,2,0,0.14828026294708252
