Statistic,shots,goals,xG
SavedShot,51,0,6.22602993901819
MissedShots,89,0,9.724623072892427
Goal,32,32,10.06675623729825
BlockedShot,60,0,3.6617601849138737
ShotOnPost,3,0,0.665405809879303
