Statistic,shots,goals,xG
OpenPlay,88,13,12.708564369007945
FromCorner,19,0,1.1300364807248116
SetPiece,13,2,1.446859184652567
DirectFreekick,2,1,0.14964819699525833
Penalty,2,1,1.5223376750946045
