Statistic,shots,goals,xG
OpenPlay,99,15,14.230419041588902
FromCorner,20,0,1.1611929573118687
SetPiece,13,2,1.446859184652567
DirectFreekick,3,1,0.21290934830904007
Penalty,2,1,1.5223376750946045
