Statistic,shots,goals,xG
OpenPlay,183,26,24.205850693397224
FromCorner,30,1,2.6587695814669132
SetPiece,16,3,1.6821951903402805
DirectFreekick,4,1,0.275422103703022
Penalty,2,1,1.5223376750946045
