Statistic,stat,shots,goals,xG
1-15,1-15,17,4,1.8849803023040295
16-30,16-30,17,3,2.7514396430924535
31-45,31-45,27,2,3.443129990249872
46-60,46-60,22,1,2.333078347146511
61-75,61-75,18,4,2.2755176909267902
76+,76+,36,5,5.885572233237326
