Statistic,stat,shots,goals,xG
1-15,1-15,31,7,2.9203118216246367
16-30,16-30,30,3,3.747983247973025
31-45,31-45,39,3,4.993343241512775
46-60,46-60,37,3,4.886368961073458
61-75,61-75,39,5,4.910173192620277
76+,76+,59,11,8.886394779197872
