Statistic,stat,shots,goals,xG
1-15,1-15,16,3,1.5243492238223553
16-30,16-30,15,3,2.635016188956797
31-45,31-45,25,1,2.971813065931201
46-60,46-60,21,1,2.253716640174389
61-75,61-75,16,4,2.1811000630259514
76+,76+,31,5,5.391450724564493
