Statistic,stat,shots,goals,xG
Normal,Normal,152,16,20.736653560306877
Standard,Standard,74,4,8.606945271603763
Fast,Fast,17,3,3.8128466308116913
Slow,Slow,20,3,2.1475991318002343
