Statistic,stat,shots,goals,xG
Normal,Normal,147,16,20.17366007110104
Standard,Standard,73,4,8.536455052904785
Fast,Fast,14,2,3.21939018368721
Slow,Slow,18,3,2.0680495323613286
