Statistic,stat,shots,goals,xG
Normal,Normal,90,10,12.508275495376438
Standard,Standard,48,3,5.7760865511372685
Fast,Fast,5,2,1.0589605420827866
Slow,Slow,13,2,1.4828072981908917
