Statistic,stat,time,shots,goals,xG
4-2-3-1,4-2-3-1,1418,192,22,26.279267616104335
4-3-3,4-3-3,353,58,3,7.002348864451051
4-4-2,4-4-2,25,2,0,0.7159383594989777
