Statistic,stat,time,shots,goals,xG
4-2-3-1,4-2-3-1,1513,203,23,27.585757370572537
4-3-3,4-3-3,353,58,3,7.002348864451051
4-4-2,4-4-2,25,2,0,0.7159383594989777
