Statistic,stat,time,shots,goals,xG
Goal diff 0,Goal diff 0,1068,165,11,20.76889945194125
Goal diff -1,Goal diff -1,218,24,4,2.899222755804658
Goal diff < -1,Goal diff < -1,187,21,5,4.159504501149058
Goal diff +1,Goal diff +1,178,23,3,3.523132539819926
Goal diff > +1,Goal diff > +1,145,19,2,2.646795591339469
