Statistic,shots,goals,xG
MissedShots,93,0,9.13441149983555
SavedShot,60,0,11.53941107308492
ShotOnPost,3,0,0.7319468688219786
BlockedShot,71,0,4.5683671263977885
Goal,25,25,8.023418271914124
