Statistic,shots,goals,xG
MissedShots,97,0,9.84826332423836
SavedShot,62,0,11.630710390862077
ShotOnPost,3,0,0.7319468688219786
BlockedShot,75,0,4.859251513145864
Goal,26,26,8.233872497454286
