Statistic,shots,goals,xG
MissedShots,65,0,5.864919836632907
SavedShot,32,0,5.616915387567133
BlockedShot,41,0,2.9268760038539767
ShotOnPost,1,0,0.0241545420140028
Goal,17,17,6.393264116719365
