Statistic,shots,goals,xG
OpenPlay,99,14,13.706903349142522
FromCorner,33,3,4.092512410134077
SetPiece,10,0,0.5595864886417985
DirectFreekick,4,0,0.36281881481409073
Penalty,1,0,0.7611688375473022
