Statistic,shots,goals,xG
OpenPlay,179,21,25.46109978714958
FromCorner,52,4,5.630931885913014
SetPiece,12,0,0.8198881717398763
DirectFreekick,7,0,0.5632973201572895
Penalty,2,0,1.5223376750946045
