Statistic,stat,shots,goals,xG
1-15,1-15,49,4,5.61858572717756
16-30,16-30,35,2,7.139612588100135
31-45,31-45,45,4,6.9288602182641625
46-60,46-60,43,5,4.61811148095876
61-75,61-75,42,4,4.729132963344455
76+,76+,49,7,6.269741616677493
