Statistic,stat,shots,goals,xG
1-15,1-15,45,4,5.3844189113006
16-30,16-30,34,2,6.891516867093742
31-45,31-45,41,4,6.439666082151234
46-60,46-60,41,4,4.28307839948684
61-75,61-75,42,4,4.729132963344455
76+,76+,49,7,6.269741616677493
