Statistic,stat,shots,goals,xG
1-15,1-15,24,2,3.2276619160547853
16-30,16-30,16,2,2.8571746749803424
31-45,31-45,23,1,3.3488454949110746
46-60,46-60,21,3,1.9533307431265712
61-75,61-75,25,3,3.1321290880441666
76+,76+,38,6,4.96384798316285
