Statistic,stat,shots,goals,xG
Normal,Normal,142,20,15.227169674821198
Standard,Standard,68,5,7.948086613789201
Slow,Slow,11,1,1.9915788462385535
Fast,Fast,13,1,1.5294169262051582
