Statistic,stat,shots,goals,xG
Normal,Normal,144,21,15.340060089714825
Standard,Standard,68,5,7.948086613789201
Slow,Slow,13,3,2.8160105934366584
Fast,Fast,13,1,1.5294169262051582
