Statistic,stat,shots,goals,xG
Normal,Normal,87,9,8.100556394085288
Standard,Standard,38,3,3.049542653374374
Slow,Slow,4,1,1.5209785336628556
Fast,Fast,6,0,0.7442666180431843
