Statistic,stat,shots,goals,xG
Normal,Normal,96,12,9.08055979013443
Standard,Standard,38,3,3.049542653374374
Slow,Slow,4,1,1.5209785336628556
Fast,Fast,7,1,1.1032941825687885
