Statistic,stat,time,shots,goals,xG
4-2-3-1,4-2-3-1,1535,171,21,20.545875935815275
4-5-1,4-5-1,248,33,4,4.286382547579706
5-4-1,5-4-1,100,22,2,1.6242052502930164
4-3-3,4-3-3,91,10,2,0.752754058688879
3-4-3,3-4-3,46,2,1,0.4243564307689667
