Statistic,shots,goals,xG
MissedShots,53,0,4.821604399941862
SavedShot,33,0,3.9730772227048874
BlockedShot,41,0,2.3701760983094573
Goal,17,17,3.566385243088007
ShotOnPost,1,0,0.023132195696234703
