Statistic,shots,goals,xG
SavedShot,57,0,7.1345443073660135
MissedShots,87,0,8.18080634251237
BlockedShot,62,0,4.019834529608488
Goal,30,30,8.235897922888398
ShotOnPost,2,0,0.062491120770573616
