Statistic,shots,goals,xG
SavedShot,57,0,7.1345443073660135
MissedShots,86,0,8.11697281524539
BlockedShot,62,0,4.019834529608488
Goal,27,27,7.362409288063645
ShotOnPost,2,0,0.062491120770573616
