Statistic,shots,goals,xG
OpenPlay,170,25,19.68548760935664
FromCorner,37,4,4.631313404068351
SetPiece,20,0,1.8733197338879108
DirectFreekick,10,0,0.6822846382856369
Penalty,1,1,0.7611688375473022
