Statistic,stat,shots,goals,xG
1-15,1-15,32,3,2.8388521894812584
16-30,16-30,31,2,3.2562910430133343
31-45,31-45,40,4,4.805811850354075
46-60,46-60,40,8,5.285390879958868
61-75,61-75,34,2,4.342676745727658
76+,76+,57,8,6.167229352518916
