Statistic,stat,shots,goals,xG
1-15,1-15,17,2,1.1016324572265148
16-30,16-30,17,1,1.904931416735053
31-45,31-45,27,3,3.103255160152912
46-60,46-60,20,2,2.0215812232345343
61-75,61-75,22,1,2.088391048833728
76+,76+,32,4,3.1955528929829597
