Statistic,stat,shots,goals,xG
1-15,1-15,18,2,1.1254552770406008
16-30,16-30,19,2,2.397818064317107
31-45,31-45,27,3,3.103255160152912
46-60,46-60,21,3,2.1250735726207495
61-75,61-75,24,1,2.3068845253437757
76+,76+,36,6,3.6958885602653027
