Statistic,stat,shots,goals,xG
Normal,Normal,144,20,22.7528038835153
Standard,Standard,71,6,7.236447845585644
Slow,Slow,22,2,2.836935612373054
Fast,Fast,12,2,2.928508445620537
