Statistic,stat,shots,goals,xG
Normal,Normal,73,9,11.162269238382578
Standard,Standard,41,2,3.6409340919926763
Slow,Slow,13,2,1.6224395306780934
Fast,Fast,2,0,0.13726402819156647
