Statistic,stat,shots,goals,xG
Normal,Normal,155,21,24.46154790278524
Standard,Standard,73,7,8.639306549914181
Slow,Slow,23,2,2.908820982091129
Fast,Fast,13,2,3.018230192363262
