Statistic,stat,shots,goals,xG
Normal,Normal,59,9,9.664199989289045
Standard,Standard,37,2,3.544566847383976
Slow,Slow,8,2,1.0578875755891204
Fast,Fast,2,0,0.13726402819156647
