Statistic,stat,time,shots,goals,xG
4-3-3,4-3-3,992,101,13,14.251189080066979
4-4-2,4-4-2,29,2,0,0.0562969446182251
4-2-3-1,4-2-3-1,23,0,0,0.0
4-1-4-1,4-1-4-1,19,3,0,0.09643241576850414
