Statistic,stat,time,shots,goals,xG
Goal diff 0,Goal diff 0,791,91,15,14.962932041846216
Goal diff -1,Goal diff -1,428,55,4,8.045089262537658
Goal diff > +1,Goal diff > +1,328,52,2,4.3570293271914124
Goal diff +1,Goal diff +1,307,39,6,4.891511212103069
Goal diff < -1,Goal diff < -1,82,12,3,3.4981339434161782
