Statistic,stat,time,shots,goals,xG
Goal diff 0,Goal diff 0,502,51,9,8.709732391871512
Goal diff > +1,Goal diff > +1,241,42,1,3.053217777982354
Goal diff +1,Goal diff +1,202,20,2,2.7908775275573134
Goal diff -1,Goal diff -1,188,15,1,1.9185637198388577
Goal diff < -1,Goal diff < -1,24,1,0,0.09051547199487686
