Statistic,shots,goals,xG
Goal,30,30,13.865434933453798
SavedShot,57,0,7.857237328775227
MissedShots,84,0,8.555039790458977
BlockedShot,71,0,5.091405821032822
ShotOnPost,7,0,0.3855779133737087
