Statistic,shots,goals,xG
Goal,32,32,14.929428722709417
SavedShot,60,0,8.297213357873261
BlockedShot,77,0,5.848955121822655
MissedShots,88,0,9.566730511374772
ShotOnPost,7,0,0.3855779133737087
