Statistic,shots,goals,xG
Goal,13,13,6.757689118385315
MissedShots,46,0,3.917678619734943
BlockedShot,37,0,2.1495453035458922
SavedShot,28,0,3.5409433506429195
ShotOnPost,5,0,0.19705049693584442
