Statistic,shots,goals,xG
OpenPlay,178,24,28.51824794150889
FromCorner,59,3,4.882809397764504
SetPiece,8,1,0.7556812670081854
DirectFreekick,2,0,0.07561950571835041
Penalty,2,2,1.5223376750946045
