Statistic,shots,goals,xG
OpenPlay,88,11,12.921972797252238
FromCorner,34,2,2.907683851197362
SetPiece,6,0,0.7051337631419301
DirectFreekick,1,0,0.02811647765338421
