Statistic,shots,goals,xG
OpenPlay,69,11,10.859351593069732
FromCorner,30,2,2.8113166065886617
SetPiece,6,0,0.7051337631419301
DirectFreekick,1,0,0.02811647765338421
