Statistic,stat,shots,goals,xG
1-15,1-15,13,1,1.3835826786234975
16-30,16-30,21,3,2.5717632370069623
31-45,31-45,19,3,4.109290433116257
46-60,46-60,21,3,2.144611111842096
61-75,61-75,19,2,3.0286472542211413
76+,76+,13,1,1.166023725643754
