Statistic,stat,shots,goals,xG
1-15,1-15,33,3,4.18010735232383
16-30,16-30,40,7,5.044563692994416
31-45,31-45,46,8,9.768538014031947
46-60,46-60,52,6,9.11859203595668
61-75,61-75,47,4,5.5844353856518865
76+,76+,46,4,5.331669146195054
