Statistic,stat,shots,goals,xG
1-15,1-15,31,3,3.764706556685269
16-30,16-30,40,7,5.044563692994416
31-45,31-45,43,6,8.604185872711241
46-60,46-60,47,6,8.202207711525261
61-75,61-75,44,4,5.332162049598992
76+,76+,44,4,4.806869903579354
