Statistic,stat,shots,goals,xG
Normal,Normal,110,12,14.806746545247734
Standard,Standard,60,8,9.141869673505425
Slow,Slow,31,4,3.3081856686621904
Fast,Fast,12,0,1.3652758561074734
