Statistic,stat,shots,goals,xG
Normal,Normal,99,11,13.845317729748785
Standard,Standard,53,7,7.576018480584025
Slow,Slow,23,3,2.693275650963187
Fast,Fast,11,0,1.3131889179348946
