Statistic,stat,shots,goals,xG
Normal,Normal,210,25,31.995674338191748
Standard,Standard,96,13,14.041884617879987
Slow,Slow,41,5,4.728470090776682
Fast,Fast,21,1,4.381896328181028
