Statistic,stat,time,shots,goals,xG
5-4-1,5-4-1,421,93,8,10.71135537698865
4-2-3-1,4-2-3-1,297,45,7,5.916171192191541
3-5-2,3-5-2,253,38,3,5.2913704458624125
4-5-1,4-5-1,114,19,3,3.5092022232711315
4-3-3,4-3-3,80,18,3,3.1939785052090883
