Statistic,shots,goals,xG
MissedShots,58,0,5.842871002852917
BlockedShot,59,0,4.599286266602576
Goal,21,21,7.79472722671926
SavedShot,43,0,6.177083574235439
ShotOnPost,5,0,1.0138327088207006
