Statistic,shots,goals,xG
BlockedShot,117,0,11.131699534133077
Goal,44,44,17.451744018122554
MissedShots,109,0,11.951337850652635
SavedShot,86,0,12.250679866410792
ShotOnPost,12,0,2.3624641057103872
