Statistic,shots,goals,xG
OpenPlay,153,16,19.480208070017397
FromCorner,41,5,5.015453230589628
SetPiece,14,1,2.4989260863512754
DirectFreekick,3,0,0.1051526814699173
Penalty,2,2,1.5223376750946045
