Statistic,shots,goals,xG
OpenPlay,272,31,41.10604075714946
FromCorner,64,9,8.085710052400827
SetPiece,22,1,3.252803621813655
DirectFreekick,7,0,0.4198644310235977
Penalty,3,3,2.2835065126419067
