Statistic,stat,shots,goals,xG
1-15,1-15,27,2,5.19425483699888
16-30,16-30,22,1,2.0896870959550142
31-45,31-45,42,6,3.844720237888396
46-60,46-60,26,2,2.442296741530299
61-75,61-75,32,6,6.601166562177241
76+,76+,37,4,5.255675304681063
