Statistic,stat,shots,goals,xG
1-15,1-15,30,2,5.337965209968388
16-30,16-30,28,2,2.5548250786960125
31-45,31-45,44,6,3.9713835874572396
46-60,46-60,28,2,2.55954104103148
61-75,61-75,41,7,7.8530407929793
76+,76+,42,5,6.345322033390403
