Statistic,stat,shots,goals,xG
Normal,Normal,132,9,12.058140470646322
Standard,Standard,45,7,5.831940070725977
Slow,Slow,26,0,1.3891673162579536
Fast,Fast,10,2,1.469960980117321
