Statistic,stat,shots,goals,xG
Normal,Normal,105,6,9.353523844853044
Standard,Standard,31,5,4.38673479296267
Slow,Slow,18,0,0.6959176929667592
Fast,Fast,4,1,0.7871963530778885
