Statistic,stat,shots,goals,xG
Normal,Normal,138,9,12.423193993978202
Standard,Standard,48,8,6.21294120233506
Slow,Slow,27,0,1.4201840348541737
Fast,Fast,10,2,1.469960980117321
