Statistic,stat,shots,goals,xG
Normal,Normal,101,6,9.13750889711082
Standard,Standard,28,5,4.199614202603698
Slow,Slow,18,0,0.6959176929667592
Fast,Fast,4,1,0.7871963530778885
