Statistic,shots,goals,xG
SavedShot,49,0,5.252268371172249
MissedShots,70,0,6.332077380269766
BlockedShot,75,0,3.92386129219085
Goal,18,18,5.184706637635827
ShotOnPost,1,0,0.056295156478881836
