Statistic,shots,goals,xG
SavedShot,34,0,3.39236157014966
MissedShots,47,0,4.390036697499454
BlockedShot,57,0,3.15133685991168
Goal,12,12,3.830206861719489
ShotOnPost,1,0,0.056295156478881836
