Statistic,shots,goals,xG
SavedShot,34,0,3.39236157014966
MissedShots,52,0,4.681204470805824
BlockedShot,59,0,3.2633046247065067
Goal,12,12,3.830206861719489
ShotOnPost,1,0,0.056295156478881836
