Statistic,shots,goals,xG
OpenPlay,127,7,10.836637890897691
FromCorner,18,3,2.9968907069414854
SetPiece,6,1,0.3174794539809227
DirectFreekick,6,0,0.31119579449296
Penalty,1,1,0.7611688375473022
