Statistic,shots,goals,xG
OpenPlay,175,11,15.313339008949697
FromCorner,24,4,3.564516045153141
SetPiece,13,1,0.6398009499534965
DirectFreekick,9,1,0.4862865321338177
Penalty,2,2,1.5223376750946045
