Statistic,shots,goals,xG
OpenPlay,123,7,10.620622943155468
FromCorner,18,3,2.9968907069414854
SetPiece,4,1,0.16801943257451057
DirectFreekick,5,0,0.27353522554039955
Penalty,1,1,0.7611688375473022
