Statistic,stat,shots,goals,xG
1-15,1-15,15,2,1.6094876006245613
16-30,16-30,14,1,1.9939490742981434
31-45,31-45,17,0,1.5122253820300102
46-60,46-60,42,3,4.482457546517253
61-75,61-75,30,3,1.61900579277426
76+,76+,40,3,4.006247287616134
