Statistic,stat,shots,goals,xG
1-15,1-15,21,5,2.017540479078889
16-30,16-30,22,1,2.7665894646197557
31-45,31-45,30,2,3.04922582115978
46-60,46-60,53,4,5.8858511336147785
61-75,61-75,34,3,1.93511710036546
76+,76+,53,3,5.094884838908911
