Statistic,stat,shots,goals,xG
1-15,1-15,15,2,1.6094876006245613
16-30,16-30,13,1,1.935498371720314
31-45,31-45,16,0,1.4212160632014275
46-60,46-60,42,3,4.482457546517253
61-75,61-75,27,3,1.4355597095564008
76+,76+,38,3,3.936017854139209
