Statistic,stat,shots,goals,xG
Normal,Normal,90,8,10.490822760388255
Standard,Standard,36,6,6.057245965115726
Fast,Fast,12,0,1.5292345248162746
Slow,Slow,6,0,0.2211191412061453
