Statistic,stat,shots,goals,xG
Normal,Normal,134,13,17.851910083554685
Standard,Standard,61,8,9.561060170643032
Fast,Fast,17,2,3.2310938723385334
Slow,Slow,11,1,1.0294627211987972
