Statistic,stat,shots,goals,xG
Normal,Normal,87,8,10.28400451503694
Standard,Standard,35,5,5.296077127568424
Fast,Fast,12,0,1.5292345248162746
Slow,Slow,6,0,0.2211191412061453
