Statistic,stat,shots,goals,xG
Normal,Normal,138,14,18.145159394480288
Standard,Standard,64,9,10.416261314414442
Fast,Fast,17,2,3.2310938723385334
Slow,Slow,11,1,1.0294627211987972
