Statistic,stat,time,shots,goals,xG
4-2-3-1,4-2-3-1,1881,214,24,30.855864002369344
4-3-3,4-3-3,48,9,0,0.8176628453657031
