Statistic,stat,time,shots,goals,xG
4-2-3-1,4-2-3-1,1980,221,26,32.00431445706636
4-3-3,4-3-3,48,9,0,0.8176628453657031
