Statistic,stat,time,shots,goals,xG
4-2-3-1,4-2-3-1,1115,135,14,17.480759546160698
4-3-3,4-3-3,48,9,0,0.8176628453657031
