Statistic,shots,goals,xG
BlockedShot,64,0,4.483494282700121
SavedShot,70,0,10.137818100862205
Goal,24,24,10.638501722365618
MissedShots,60,0,4.687711680307984
ShotOnPost,5,0,1.7260010614991188
