Statistic,shots,goals,xG
BlockedShot,65,0,4.607291736640036
SavedShot,71,0,10.187464642338455
Goal,26,26,11.460236925631762
MissedShots,62,0,4.753231957554817
ShotOnPost,6,0,1.8137520402669907
