Statistic,shots,goals,xG
BlockedShot,45,0,2.622189672663808
SavedShot,41,0,4.999081425368786
Goal,14,14,6.715812269598246
ShotOnPost,3,0,0.6824377253651619
MissedShots,41,0,3.2789012985304
