Statistic,shots,goals,xG
OpenPlay,166,17,22.40571598801762
FromCorner,29,1,3.3888151720166206
SetPiece,16,3,1.7832885822281241
DirectFreekick,13,0,0.6771445348858833
Penalty,6,5,4.5670130252838135
