Statistic,shots,goals,xG
OpenPlay,108,8,12.241176426410675
FromCorner,14,0,1.2197670554742217
DirectFreekick,9,0,0.47360072284936905
SetPiece,9,3,1.3192028366029263
Penalty,4,3,3.044675350189209
