Statistic,shots,goals,xG
OpenPlay,162,16,22.112466677092016
FromCorner,28,1,3.339168630540371
SetPiece,15,3,1.738902817480266
DirectFreekick,13,0,0.6771445348858833
Penalty,5,4,3.8058441877365112
