Statistic,stat,shots,goals,xG
1-15,1-15,27,5,4.323127230629325
16-30,16-30,27,3,4.333108069375157
31-45,31-45,43,2,5.65737031493336
46-60,46-60,44,7,6.189409013837576
61-75,61-75,37,2,5.800967453047633
76+,76+,52,7,6.517995220609009
