Statistic,stat,shots,goals,xG
1-15,1-15,17,1,1.3568806685507298
16-30,16-30,21,3,3.9637865014374256
31-45,31-45,27,2,3.383682068437338
46-60,46-60,31,5,3.883942762389779
61-75,61-75,15,1,2.5071486607193947
76+,76+,29,1,2.2349946470931172
