Statistic,stat,shots,goals,xG
Normal,Normal,128,15,12.744939496740699
Standard,Standard,42,1,3.212795893661678
Slow,Slow,25,2,3.236629584338516
Fast,Fast,9,4,1.989883391186595
