Statistic,stat,shots,goals,xG
Normal,Normal,242,25,23.689420892857015
Standard,Standard,75,3,7.114641898311675
Slow,Slow,39,4,5.160814031492919
Fast,Fast,21,5,2.843194806948304
