Statistic,stat,shots,goals,xG
Normal,Normal,229,23,22.02484659012407
Standard,Standard,72,3,6.698043161071837
Slow,Slow,37,4,4.785755581688136
Fast,Fast,18,5,2.629624241963029
