Statistic,stat,time,shots,goals,xG
4-2-3-1,4-2-3-1,356,69,8,5.125252823811024
4-3-3,4-3-3,296,51,5,6.4663963578641415
4-4-2,4-4-2,198,39,3,3.697528425604105
5-3-2,5-3-2,192,42,6,5.731036758981645
4-3-2-1,4-3-2-1,12,3,0,0.16403399966657162
