Statistic,shots,goals,xG
Goal,22,22,6.3080364391207695
SavedShot,55,0,4.937338931020349
MissedShots,57,0,3.759293801151216
BlockedShot,67,0,5.3985502030700445
ShotOnPost,3,0,0.7810289915651083
