Statistic,shots,goals,xG
Goal,35,35,10.148623585700989
ShotOnPost,5,0,0.9342724662274122
SavedShot,89,0,8.324132420588285
MissedShots,119,0,8.803659230470657
BlockedShot,108,0,7.927581871859729
