Statistic,shots,goals,xG
Goal,37,37,10.90201187133789
SavedShot,95,0,8.947170343715698
ShotOnPost,6,0,1.0360808204859495
MissedShots,129,0,9.912976793944836
BlockedShot,110,0,8.00983180012554
