Statistic,shots,goals,xG
OpenPlay,302,34,31.693429731298238
FromCorner,59,2,5.308798692189157
SetPiece,10,0,0.71776875667274
DirectFreekick,5,0,0.32690561190247536
Penalty,1,1,0.7611688375473022
