Statistic,shots,goals,xG
OpenPlay,184,21,19.228922442998737
FromCorner,39,1,3.145545153878629
SetPiece,4,0,0.13018507696688175
DirectFreekick,4,0,0.27646684646606445
Penalty,0,0,0.0
