Statistic,shots,goals,xG
OpenPlay,162,21,17.97145247226581
FromCorner,35,1,2.8457420440390706
SetPiece,3,0,0.09058700315654278
DirectFreekick,4,0,0.27646684646606445
Penalty,0,0,0.0
