Statistic,stat,shots,goals,xG
1-15,1-15,33,3,3.8576703555881977
16-30,16-30,28,6,2.818884711712599
31-45,31-45,33,1,2.832121951505542
46-60,46-60,34,4,4.874151753261685
61-75,61-75,28,2,2.6944115557707846
76+,76+,48,6,4.107008038088679
