Statistic,stat,shots,goals,xG
1-15,1-15,61,4,5.758251970633864
16-30,16-30,53,10,6.2375721000134945
31-45,31-45,69,5,5.882401220500469
46-60,46-60,69,7,9.32907373830676
61-75,61-75,41,3,3.851307440083474
76+,76+,84,8,7.74946516007185
