Statistic,stat,shots,goals,xG
1-15,1-15,39,3,4.172731189057231
16-30,16-30,31,6,2.987829791381955
31-45,31-45,36,1,2.9030708838254213
46-60,46-60,39,4,5.00922591984272
61-75,61-75,30,2,2.8283040882088244
76+,76+,56,6,4.879957647994161
