Statistic,stat,shots,goals,xG
Normal,Normal,81,8,9.855954397469759
Standard,Standard,34,4,4.684578427579254
Slow,Slow,10,1,0.6980683244764805
Fast,Fast,10,2,3.731868602335453
