Statistic,stat,shots,goals,xG
Normal,Normal,92,9,11.43939247354865
Standard,Standard,38,4,4.795439232606441
Slow,Slow,12,1,0.8057274632155895
Fast,Fast,11,2,3.8421798273921013
