Statistic,stat,shots,goals,xG
Normal,Normal,142,14,17.392008191905916
Standard,Standard,58,8,9.415825968142599
Slow,Slow,21,2,1.4672835879027843
Fast,Fast,20,5,5.6026164926588535
