Statistic,stat,time,shots,goals,xG
4-2-3-1,4-2-3-1,1090,129,17,18.586190880741924
4-4-2,4-4-2,582,77,4,9.303281505592167
4-3-3,4-3-3,95,15,4,3.658393177203834
3-4-2-1,3-4-2-1,74,5,1,0.6307334443554282
3-4-1-2,3-4-1-2,44,6,1,1.088514283299446
5-4-1,5-4-1,29,8,2,0.5590517371892929
3-4-3,3-4-3,10,0,0,0.0
5-3-2,5-3-2,5,1,0,0.05156921222805977
