Statistic,stat,time,shots,goals,xG
Goal diff 0,Goal diff 0,978,97,11,15.379604469519109
Goal diff +1,Goal diff +1,419,73,9,8.552867566235363
Goal diff -1,Goal diff -1,311,35,5,4.545739707536995
Goal diff < -1,Goal diff < -1,124,18,1,3.1462303632870317
Goal diff > +1,Goal diff > +1,97,18,3,2.2532921340316534
