Statistic,shots,goals,xG
SavedShot,40,0,6.083458172157407
MissedShots,51,0,4.765815011691302
BlockedShot,43,0,4.437971168197691
Goal,16,16,4.914844643324614
ShotOnPost,3,0,0.6806500013917685
