Statistic,shots,goals,xG
MissedShots,79,0,7.855724567081779
SavedShot,54,0,8.41930597089231
BlockedShot,76,0,6.559970709495246
Goal,29,29,10.362082991749048
ShotOnPost,3,0,0.6806500013917685
