Statistic,shots,goals,xG
OpenPlay,101,11,14.285891324281693
FromCorner,19,1,2.0940037509426475
SetPiece,10,0,0.9196746968664229
DirectFreekick,3,1,0.14856230467557907
Penalty,2,2,1.5223376750946045
