Statistic,shots,goals,xG
OpenPlay,183,21,24.461908272467554
FromCorner,37,4,5.372140451334417
SetPiece,14,0,1.5600474872626364
DirectFreekick,4,1,0.20013151690363884
Penalty,3,3,2.2835065126419067
