Statistic,stat,shots,goals,xG
1-15,1-15,16,1,2.8614543308503926
16-30,16-30,27,5,5.48743832949549
31-45,31-45,13,3,1.710838258266449
46-60,46-60,24,1,3.3618321660906076
61-75,61-75,28,3,3.3951148129999638
76+,76+,27,2,2.153791854158044
