Statistic,stat,shots,goals,xG
1-15,1-15,18,1,2.992161386180669
16-30,16-30,31,5,5.746750974096358
31-45,31-45,13,3,1.710838258266449
46-60,46-60,25,1,3.7182441893965006
61-75,61-75,30,3,3.4690583925694227
76+,76+,36,3,3.245685796253383
