Statistic,stat,shots,goals,xG
Normal,Normal,151,20,20.150095708668232
Standard,Standard,90,20,12.951005339622498
Slow,Slow,22,1,1.177921929396689
Fast,Fast,17,4,4.580995725467801
