Statistic,stat,shots,goals,xG
Normal,Normal,96,15,13.453860026784241
Standard,Standard,55,9,6.227862081490457
Slow,Slow,11,1,0.46992899384349585
Fast,Fast,7,2,1.4336365722119808
