Statistic,stat,shots,goals,xG
Normal,Normal,164,23,21.75397921912372
Standard,Standard,92,20,13.265653729438782
Slow,Slow,23,1,1.2820147359743714
Fast,Fast,18,4,4.69164308346808
