Statistic,stat,shots,goals,xG
Normal,Normal,102,16,14.037316340021789
Standard,Standard,57,9,6.29613918159157
Slow,Slow,13,1,0.5353535832837224
Fast,Fast,7,2,1.4336365722119808
