Statistic,stat,time,shots,goals,xG
3-4-2-1,3-4-2-1,306,45,3,4.146606926806271
4-1-4-1,4-1-4-1,293,38,10,8.626813498325646
4-4-1-1,4-4-1-1,198,30,3,2.8987527107819915
4-2-3-1,4-2-3-1,191,35,8,4.781784061342478
3-5-2,3-5-2,98,22,2,1.369582872837782
4-4-2,4-4-2,86,9,2,0.4789056070148945
