Statistic,shots,goals,xG
Goal,28,28,7.8873742781579494
SavedShot,40,0,4.703433737158775
BlockedShot,55,0,4.105334660038352
MissedShots,52,0,4.736260865814984
ShotOnPost,4,0,0.870042135939002
