Statistic,shots,goals,xG
SavedShot,38,0,4.624103331938386
Goal,27,27,7.866579290479422
BlockedShot,52,0,3.973994655534625
MissedShots,50,0,4.6679837657138705
ShotOnPost,2,0,0.45262663066387177
