Statistic,shots,goals,xG
SavedShot,61,0,7.46193836722523
Goal,48,48,16.297882199287415
BlockedShot,94,0,7.10862426366657
MissedShots,89,0,9.144156443886459
ShotOnPost,5,0,0.9806894939392805
