Statistic,shots,goals,xG
OpenPlay,114,18,15.357425592839718
FromCorner,38,6,3.790749398060143
SetPiece,6,1,0.27049785293638706
DirectFreekick,9,0,0.6442771553993225
Penalty,2,2,1.5223376750946045
