Statistic,shots,goals,xG
OpenPlay,122,19,16.006306495517492
FromCorner,39,6,3.8463610792532563
SetPiece,7,1,0.28316327184438705
DirectFreekick,9,0,0.6442771553993225
Penalty,2,2,1.5223376750946045
