Statistic,shots,goals,xG
OpenPlay,205,28,27.727637038566172
FromCorner,55,10,6.1363115990534425
SetPiece,20,4,1.8328837240114808
DirectFreekick,11,1,0.729445381090045
Penalty,6,5,4.5670130252838135
