Statistic,stat,shots,goals,xG
1-15,1-15,26,3,2.6695632208138704
16-30,16-30,23,4,3.1728789191693068
31-45,31-45,30,3,3.853244095109403
46-60,46-60,30,6,2.822056394070387
61-75,61-75,36,4,4.956035166978836
76+,76+,34,8,4.828667880967259
