Statistic,stat,shots,goals,xG
1-15,1-15,43,9,6.577944022603333
16-30,16-30,40,5,5.136358139105141
31-45,31-45,50,5,6.086545652709901
46-60,46-60,44,9,5.0684941206127405
61-75,61-75,49,7,7.575537994503975
76+,76+,54,10,8.415138773620129
