Statistic,stat,shots,goals,xG
1-15,1-15,44,9,6.60522052180022
16-30,16-30,45,5,5.499555508606136
31-45,31-45,52,6,6.237711823545396
46-60,46-60,47,10,5.624339008703828
61-75,61-75,53,8,8.511480204761028
76+,76+,56,10,8.514983700588346
