Statistic,stat,shots,goals,xG
Normal,Normal,93,6,7.5622423915192485
Standard,Standard,34,3,2.999828732572496
Slow,Slow,12,0,1.0466198716312647
Fast,Fast,6,1,1.803233189508319
