Statistic,stat,shots,goals,xG
Normal,Normal,106,9,8.514629025943577
Standard,Standard,38,3,3.601890723221004
Slow,Slow,13,0,1.1032312829047441
Fast,Fast,7,1,1.8690567146986723
