Statistic,stat,shots,goals,xG
Normal,Normal,164,15,15.867892088368535
Standard,Standard,65,3,5.649533535353839
Fast,Fast,9,1,2.0086514316499233
Slow,Slow,21,0,1.7069989377632737
