Statistic,stat,shots,goals,xG
Normal,Normal,178,15,17.729157612659037
Standard,Standard,69,4,6.31504990067333
Fast,Fast,9,1,2.0086514316499233
Slow,Slow,26,0,1.9031260153278708
