Statistic,stat,time,shots,goals,xG
4-2-3-1,4-2-3-1,922,120,9,10.888514689169824
5-4-1,5-4-1,73,13,0,1.2802843833342195
4-4-2,4-4-2,59,8,1,1.141158889979124
3-4-3,3-4-3,17,4,0,0.10196622274816036
