Statistic,stat,time,shots,goals,xG
Goal diff 0,Goal diff 0,638,85,3,7.81265529897064
Goal diff +1,Goal diff +1,272,40,6,3.9924548910930753
Goal diff -1,Goal diff -1,90,14,1,1.3336295345798135
Goal diff > +1,Goal diff > +1,60,5,0,0.15850078780204058
Goal diff < -1,Goal diff < -1,11,1,0,0.11468367278575897
