Statistic,shots,goals,xG
SavedShot,30,0,4.261676617898047
BlockedShot,45,0,2.44697240088135
MissedShots,58,0,3.3747311551123857
Goal,10,10,3.2379452269524336
ShotOnPost,2,0,0.09059878438711166
