Statistic,shots,goals,xG
MissedShots,110,0,6.651978486217558
Goal,20,20,6.149448359385133
SavedShot,63,0,8.989528468810022
BlockedShot,87,0,6.074430861510336
ShotOnPost,2,0,0.09059878438711166
