Statistic,shots,goals,xG
SavedShot,33,0,4.872469295747578
BlockedShot,51,0,2.878099030815065
MissedShots,65,0,3.7381869200617075
Goal,13,13,3.5094537157565355
ShotOnPost,2,0,0.09059878438711166
