Statistic,shots,goals,xG
OpenPlay,126,10,11.486917023546994
FromCorner,27,1,2.39105739351362
SetPiece,8,0,0.3333488218486309
DirectFreekick,2,1,0.11631567031145096
Penalty,1,1,0.7611688375473022
