Statistic,shots,goals,xG
OpenPlay,194,16,19.583542457781732
FromCorner,46,1,3.9311187295243144
SetPiece,12,0,0.6348945237696171
DirectFreekick,6,1,0.32235144451260567
Penalty,1,1,0.7611688375473022
