Statistic,shots,goals,xG
OpenPlay,213,16,21.64093505963683
FromCorner,50,2,4.596635094843805
SetPiece,12,0,0.6348945237696171
DirectFreekick,6,1,0.32235144451260567
Penalty,1,1,0.7611688375473022
