Statistic,stat,shots,goals,xG
1-15,1-15,18,1,1.866304462775588
16-30,16-30,23,1,2.2239514207467437
31-45,31-45,20,2,1.7531333584338427
46-60,46-60,34,3,3.7984552839770913
61-75,61-75,22,1,1.2235449198633432
76+,76+,28,2,2.546534739434719
