Statistic,stat,shots,goals,xG
1-15,1-15,22,2,2.5965957399457693
16-30,16-30,25,1,2.432663588784635
31-45,31-45,25,2,2.0840242374688387
46-60,46-60,35,4,3.832732585258782
61-75,61-75,23,1,1.2599741946905851
76+,76+,34,3,2.8828174006193876
