Statistic,stat,shots,goals,xG
1-15,1-15,42,3,5.932870579883456
16-30,16-30,41,3,5.0678463550284505
31-45,31-45,36,2,2.6184683740139008
46-60,46-60,49,6,5.2180843250826
61-75,61-75,37,2,2.455079585313797
76+,76+,54,3,3.940726773813367
