Statistic,stat,shots,goals,xG
Normal,Normal,92,10,11.089449605438858
Standard,Standard,46,2,5.989258896559477
Fast,Fast,18,5,5.04481190815568
Slow,Slow,8,0,1.0127074541524053
