Statistic,stat,shots,goals,xG
Normal,Normal,151,18,19.34406949719414
Standard,Standard,71,5,10.02679930627346
Fast,Fast,20,5,5.16362476721406
Slow,Slow,17,0,1.6260664639994502
