Statistic,stat,shots,goals,xG
Normal,Normal,87,10,10.231730450410396
Standard,Standard,38,1,4.602377890609205
Slow,Slow,8,0,1.0127074541524053
Fast,Fast,14,4,4.241759762167931
