Statistic,stat,shots,goals,xG
Normal,Normal,169,18,21.04703687177971
Standard,Standard,74,5,10.423866804689169
Fast,Fast,20,5,5.16362476721406
Slow,Slow,17,0,1.6260664639994502
