Statistic,stat,time,shots,goals,xG
Goal diff 0,Goal diff 0,597,84,10,13.077245015650988
Goal diff -1,Goal diff -1,337,47,3,5.040063405409455
Goal diff +1,Goal diff +1,172,30,4,4.736725270282477
Goal diff < -1,Goal diff < -1,44,3,0,0.2821941729635
