Statistic,shots,goals,xG
BlockedShot,37,0,1.7081870343536139
SavedShot,38,0,6.343100258149207
MissedShots,53,0,5.6612629550509155
Goal,15,15,5.474632641300559
ShotOnPost,4,0,0.9013926684856415
