Statistic,shots,goals,xG
BlockedShot,43,0,2.066222634166479
SavedShot,41,0,7.213421267457306
Goal,17,17,6.169892063364387
MissedShots,58,0,6.73642634274438
ShotOnPost,5,0,0.9502655565738678
