Statistic,shots,goals,xG
MissedShots,102,0,9.99854525597766
BlockedShot,80,0,4.496808780357242
SavedShot,60,0,9.808147495612502
Goal,28,28,12.317779356613755
ShotOnPost,10,0,1.6393140191212296
