Statistic,shots,goals,xG
OpenPlay,109,14,15.486197666730732
FromCorner,30,0,3.403974983841181
SetPiece,7,1,1.1480363486334682
DirectFreekick,1,0,0.05036655813455582
Penalty,0,0,0.0
