Statistic,shots,goals,xG
OpenPlay,206,23,27.83672810299322
FromCorner,55,3,6.704237446188927
SetPiece,13,2,2.703381311148405
DirectFreekick,5,0,0.2550792098045349
Penalty,1,0,0.7611688375473022
