Statistic,shots,goals,xG
OpenPlay,118,15,17.146968967746943
FromCorner,37,1,4.029687152244151
SetPiece,7,1,1.1480363486334682
DirectFreekick,1,0,0.05036655813455582
Penalty,1,0,0.7611688375473022
