Statistic,stat,shots,goals,xG
1-15,1-15,51,5,7.687857015058398
16-30,16-30,37,4,6.245954597834498
31-45,31-45,44,3,5.934194251894951
46-60,46-60,60,5,8.630594096146524
61-75,61-75,51,7,5.904825434088707
76+,76+,37,4,3.8571695126593113
