Statistic,stat,shots,goals,xG
1-15,1-15,28,1,4.512926192954183
16-30,16-30,21,3,4.387607716489583
31-45,31-45,28,2,3.7058486100286245
46-60,46-60,39,3,4.849940461106598
61-75,61-75,28,6,3.8322608210146427
76+,76+,20,2,1.8476440627127886
