Statistic,stat,shots,goals,xG
1-15,1-15,45,5,7.324737824499607
16-30,16-30,35,4,5.672422685194761
31-45,31-45,41,3,5.768892167136073
46-60,46-60,60,5,8.630594096146524
61-75,61-75,44,7,5.334391753189266
76+,76+,34,4,3.429521508514881
