Statistic,stat,shots,goals,xG
Normal,Normal,76,7,12.499497339129448
Standard,Standard,40,5,6.779615640640259
Slow,Slow,12,0,1.0638267062604427
Fast,Fast,6,1,1.2850497961044312
