Statistic,stat,shots,goals,xG
Normal,Normal,70,6,11.224083863198757
Standard,Standard,38,5,6.62672334164381
Slow,Slow,10,0,0.5614760406315327
Fast,Fast,5,1,1.2195588797330856
