Statistic,stat,shots,goals,xG
Normal,Normal,125,13,18.118985804729164
Standard,Standard,69,13,11.882128573954105
Slow,Slow,17,0,1.7454417385160923
Fast,Fast,14,2,2.6919592171907425
