Statistic,stat,time,shots,goals,xG
4-2-3-1,4-2-3-1,1060,123,12,19.631842125207186
3-4-2-1,3-4-2-1,94,11,1,1.9961473569273949
