Statistic,stat,time,shots,goals,xG
Goal diff 0,Goal diff 0,1114,131,15,18.902395396493375
Goal diff -1,Goal diff -1,318,38,7,6.976391207426786
Goal diff < -1,Goal diff < -1,215,34,3,6.541678516194224
Goal diff > +1,Goal diff > +1,162,5,0,0.5815962851047516
Goal diff +1,Goal diff +1,109,17,3,1.4364539291709661
