Statistic,shots,goals,xG
ShotOnPost,3,0,0.8008991703391075
BlockedShot,31,0,2.1294888835400343
SavedShot,28,0,4.672639163210988
Goal,12,12,6.726673454046249
MissedShots,49,0,5.3021414540708065
