Statistic,shots,goals,xG
Goal,13,13,6.751872096210718
ShotOnPost,3,0,0.8008991703391075
BlockedShot,33,0,2.2076192144304514
SavedShot,33,0,6.4302732441574335
MissedShots,52,0,5.43732575699687
