Statistic,shots,goals,xG
OpenPlay,156,15,22.556386760436
FromCorner,40,9,6.78687977604568
SetPiece,17,1,1.5110768023878336
DirectFreekick,8,0,0.5394966453313828
Penalty,4,3,3.044675350189209
