Statistic,shots,goals,xG
OpenPlay,85,7,13.005118783563375
FromCorner,20,4,3.6996630113571882
SetPiece,13,0,1.2160815317183733
DirectFreekick,3,0,0.18864112347364426
Penalty,2,1,1.5223376750946045
