Statistic,stat,shots,goals,xG
1-15,1-15,19,1,2.707006538286805
16-30,16-30,16,0,1.2721673008054495
31-45,31-45,24,4,4.643188696354628
46-60,46-60,22,3,4.0174068454653025
61-75,61-75,26,2,3.846296802163124
76+,76+,27,3,5.141923299059272
