Statistic,stat,shots,goals,xG
1-15,1-15,17,1,2.609246315434575
16-30,16-30,15,0,1.1841218527406454
31-45,31-45,20,3,4.02961715310812
46-60,46-60,20,3,3.326068377122283
61-75,61-75,25,2,3.8099096044898033
76+,76+,26,3,4.672878822311759
